Ankara Namaz Vakitleri | Diyanet İşleri Başkanlığı,Unnamed: 1,Unnamed: 2,Unnamed: 3,Unnamed: 4,Unnamed: 5,Unnamed: 6,Unnamed: 7
Ankara İçin Yıllık Namaz Vakti,,,,,,,
Miladi Tarih,Hicri Tarih,İmsak,Güneş,Öğle,İkindi,Akşam,Yatsı
01 Ocak 2025 Çarşamba,1 Recep 1446,06:33,08:03,12:57,15:20,17:41,19:06
02 Ocak 2025 Perşembe,2 Recep 1446,06:33,08:03,12:58,15:21,17:42,19:06
03 Ocak 2025 Cuma,3 Recep 1446,06:34,08:03,12:58,15:22,17:43,19:07
04 Ocak 2025 Cumartesi,4 Recep 1446,06:34,08:04,12:58,15:22,17:43,19:08
05 Ocak 2025 Pazar,5 Recep 1446,06:34,08:04,12:59,15:23,17:44,19:09
06 Ocak 2025 Pazartesi,6 Recep 1446,06:34,08:03,12:59,15:24,17:45,19:10
07 Ocak 2025 Salı,7 Recep 1446,06:34,08:03,13:00,15:25,17:46,19:10
08 Ocak 2025 Çarşamba,8 Recep 1446,06:34,08:03,13:00,15:26,17:47,19:11
09 Ocak 2025 Perşembe,9 Recep 1446,06:34,08:03,13:01,15:27,17:48,19:12
10 Ocak 2025 Cuma,10 Recep 1446,06:34,08:03,13:01,15:28,17:49,19:13
11 Ocak 2025 Cumartesi,11 Recep 1446,06:34,08:03,13:01,15:29,17:50,19:14
12 Ocak 2025 Pazar,12 Recep 1446,06:34,08:02,13:02,15:29,17:51,19:15
13 Ocak 2025 Pazartesi,13 Recep 1446,06:33,08:02,13:02,15:30,17:52,19:16
14 Ocak 2025 Salı,14 Recep 1446,06:33,08:02,13:03,15:31,17:53,19:17
15 Ocak 2025 Çarşamba,15 Recep 1446,06:33,08:02,13:03,15:32,17:54,19:18
16 Ocak 2025 Perşembe,16 Recep 1446,06:33,08:01,13:03,15:33,17:55,19:19
17 Ocak 2025 Cuma,17 Recep 1446,06:32,08:01,13:04,15:34,17:57,19:19
18 Ocak 2025 Cumartesi,18 Recep 1446,06:32,08:00,13:04,15:35,17:58,19:20
19 Ocak 2025 Pazar,19 Recep 1446,06:32,08:00,13:04,15:36,17:59,19:21
20 Ocak 2025 Pazartesi,20 Recep 1446,06:31,07:59,13:05,15:37,18:00,19:22
21 Ocak 2025 Salı,21 Recep 1446,06:31,07:59,13:05,15:38,18:01,19:23
22 Ocak 2025 Çarşamba,22 Recep 1446,06:31,07:58,13:05,15:39,18:02,19:24
23 Ocak 2025 Perşembe,23 Recep 1446,06:30,07:57,13:05,15:40,18:03,19:25
24 Ocak 2025 Cuma,24 Recep 1446,06:30,07:57,13:06,15:41,18:05,19:26
25 Ocak 2025 Cumartesi,25 Recep 1446,06:29,07:56,13:06,15:42,18:06,19:27
26 Ocak 2025 Pazar,26 Recep 1446,06:28,07:55,13:06,15:43,18:07,19:28
27 Ocak 2025 Pazartesi,27 Recep 1446,06:28,07:54,13:06,15:44,18:08,19:30
28 Ocak 2025 Salı,28 Recep 1446,06:27,07:54,13:06,15:45,18:09,19:31
29 Ocak 2025 Çarşamba,29 Recep 1446,06:27,07:53,13:07,15:46,18:11,19:32
30 Ocak 2025 Perşembe,30 Recep 1446,06:26,07:52,13:07,15:47,18:12,19:33
31 Ocak 2025 Cuma,1 Şaban 1446,06:25,07:51,13:07,15:48,18:13,19:34
01 Şubat 2025 Cumartesi,2 Şaban 1446,06:24,07:50,13:07,15:49,18:14,19:35
02 Şubat 2025 Pazar,3 Şaban 1446,06:24,07:49,13:07,15:50,18:15,19:36
03 Şubat 2025 Pazartesi,4 Şaban 1446,06:23,07:48,13:07,15:51,18:17,19:37
04 Şubat 2025 Salı,5 Şaban 1446,06:22,07:47,13:07,15:52,18:18,19:38
05 Şubat 2025 Çarşamba,6 Şaban 1446,06:21,07:46,13:08,15:53,18:19,19:39
06 Şubat 2025 Perşembe,7 Şaban 1446,06:20,07:45,13:08,15:54,18:20,19:40
07 Şubat 2025 Cuma,8 Şaban 1446,06:19,07:44,13:08,15:55,18:21,19:41
08 Şubat 2025 Cumartesi,9 Şaban 1446,06:18,07:43,13:08,15:56,18:23,19:42
09 Şubat 2025 Pazar,10 Şaban 1446,06:17,07:42,13:08,15:57,18:24,19:43
10 Şubat 2025 Pazartesi,11 Şaban 1446,06:16,07:41,13:08,15:58,18:25,19:44
11 Şubat 2025 Salı,12 Şaban 1446,06:15,07:39,13:08,15:59,18:26,19:45
12 Şubat 2025 Çarşamba,13 Şaban 1446,06:14,07:38,13:08,16:00,18:27,19:46
13 Şubat 2025 Perşembe,14 Şaban 1446,06:13,07:37,13:08,16:01,18:29,19:47
14 Şubat 2025 Cuma,15 Şaban 1446,06:12,07:36,13:08,16:02,18:30,19:48
15 Şubat 2025 Cumartesi,16 Şaban 1446,06:11,07:35,13:08,16:03,18:31,19:50
16 Şubat 2025 Pazar,17 Şaban 1446,06:10,07:33,13:08,16:04,18:32,19:51
17 Şubat 2025 Pazartesi,18 Şaban 1446,06:08,07:32,13:08,16:04,18:33,19:52
18 Şubat 2025 Salı,19 Şaban 1446,06:07,07:31,13:08,16:05,18:34,19:53
19 Şubat 2025 Çarşamba,20 Şaban 1446,06:06,07:29,13:07,16:06,18:36,19:54
20 Şubat 2025 Perşembe,21 Şaban 1446,06:05,07:28,13:07,16:07,18:37,19:55
21 Şubat 2025 Cuma,22 Şaban 1446,06:03,07:27,13:07,16:08,18:38,19:56
22 Şubat 2025 Cumartesi,23 Şaban 1446,06:02,07:25,13:07,16:09,18:39,19:57
23 Şubat 2025 Pazar,24 Şaban 1446,06:01,07:24,13:07,16:09,18:40,19:58
24 Şubat 2025 Pazartesi,25 Şaban 1446,05:59,07:22,13:07,16:10,18:41,19:59
25 Şubat 2025 Salı,26 Şaban 1446,05:58,07:21,13:07,16:11,18:42,20:00
26 Şubat 2025 Çarşamba,27 Şaban 1446,05:57,07:20,13:07,16:12,18:44,20:01
27 Şubat 2025 Perşembe,28 Şaban 1446,05:55,07:18,13:06,16:13,18:45,20:02
28 Şubat 2025 Cuma,29 Şaban 1446,05:54,07:17,13:06,16:13,18:46,20:03
01 Mart 2025 Cumartesi,1 Ramazan 1446,05:52,07:15,13:06,16:14,18:47,20:04
02 Mart 2025 Pazar,2 Ramazan 1446,05:51,07:14,13:06,16:15,18:48,20:06
03 Mart 2025 Pazartesi,3 Ramazan 1446,05:49,07:12,13:06,16:15,18:49,20:07
04 Mart 2025 Salı,4 Ramazan 1446,05:48,07:11,13:05,16:16,18:50,20:08
05 Mart 2025 Çarşamba,5 Ramazan 1446,05:46,07:09,13:05,16:17,18:51,20:09
06 Mart 2025 Perşembe,6 Ramazan 1446,05:45,07:08,13:05,16:17,18:52,20:10
07 Mart 2025 Cuma,7 Ramazan 1446,05:43,07:06,13:05,16:18,18:53,20:11
08 Mart 2025 Cumartesi,8 Ramazan 1446,05:42,07:04,13:04,16:19,18:54,20:12
09 Mart 2025 Pazar,9 Ramazan 1446,05:40,07:03,13:04,16:19,18:56,20:13
10 Mart 2025 Pazartesi,10 Ramazan 1446,05:38,07:01,13:04,16:20,18:57,20:14
11 Mart 2025 Salı,11 Ramazan 1446,05:37,07:00,13:04,16:21,18:58,20:15
12 Mart 2025 Çarşamba,12 Ramazan 1446,05:35,06:58,13:03,16:21,18:59,20:16
13 Mart 2025 Perşembe,13 Ramazan 1446,05:34,06:57,13:03,16:22,19:00,20:17
14 Mart 2025 Cuma,14 Ramazan 1446,05:32,06:55,13:03,16:22,19:01,20:19
15 Mart 2025 Cumartesi,15 Ramazan 1446,05:30,06:53,13:03,16:23,19:02,20:20
16 Mart 2025 Pazar,16 Ramazan 1446,05:28,06:52,13:02,16:24,19:03,20:21
17 Mart 2025 Pazartesi,17 Ramazan 1446,05:27,06:50,13:02,16:24,19:04,20:22
18 Mart 2025 Salı,18 Ramazan 1446,05:25,06:49,13:02,16:25,19:05,20:23
19 Mart 2025 Çarşamba,19 Ramazan 1446,05:23,06:47,13:01,16:25,19:06,20:24
20 Mart 2025 Perşembe,20 Ramazan 1446,05:22,06:45,13:01,16:26,19:07,20:25
21 Mart 2025 Cuma,21 Ramazan 1446,05:20,06:44,13:01,16:26,19:08,20:26
22 Mart 2025 Cumartesi,22 Ramazan 1446,05:18,06:42,13:01,16:27,19:09,20:28
23 Mart 2025 Pazar,23 Ramazan 1446,05:16,06:40,13:00,16:27,19:10,20:29
24 Mart 2025 Pazartesi,24 Ramazan 1446,05:15,06:39,13:00,16:28,19:11,20:30
25 Mart 2025 Salı,25 Ramazan 1446,05:13,06:37,13:00,16:28,19:12,20:31
26 Mart 2025 Çarşamba,26 Ramazan 1446,05:11,06:36,12:59,16:28,19:13,20:32
27 Mart 2025 Perşembe,27 Ramazan 1446,05:09,06:34,12:59,16:29,19:14,20:33
28 Mart 2025 Cuma,28 Ramazan 1446,05:07,06:32,12:59,16:29,19:15,20:35
29 Mart 2025 Cumartesi,29 Ramazan 1446,05:06,06:31,12:58,16:30,19:16,20:36
30 Mart 2025 Pazar,1 Şevval 1446,05:04,06:29,12:58,16:30,19:17,20:37
31 Mart 2025 Pazartesi,2 Şevval 1446,05:02,06:27,12:58,16:31,19:18,20:38
01 Nisan 2025 Salı,3 Şevval 1446,05:00,06:26,12:58,16:31,19:19,20:39
02 Nisan 2025 Çarşamba,4 Şevval 1446,04:58,06:24,12:57,16:31,19:20,20:41
03 Nisan 2025 Perşembe,5 Şevval 1446,04:56,06:23,12:57,16:32,19:21,20:42
04 Nisan 2025 Cuma,6 Şevval 1446,04:55,06:21,12:57,16:32,19:22,20:43
05 Nisan 2025 Cumartesi,7 Şevval 1446,04:53,06:20,12:56,16:32,19:23,20:44
06 Nisan 2025 Pazar,8 Şevval 1446,04:51,06:18,12:56,16:33,19:24,20:46
07 Nisan 2025 Pazartesi,9 Şevval 1446,04:49,06:16,12:56,16:33,19:25,20:47
08 Nisan 2025 Salı,10 Şevval 1446,04:47,06:15,12:56,16:33,19:26,20:48
09 Nisan 2025 Çarşamba,11 Şevval 1446,04:45,06:13,12:55,16:34,19:27,20:49
10 Nisan 2025 Perşembe,12 Şevval 1446,04:44,06:12,12:55,16:34,19:28,20:51
11 Nisan 2025 Cuma,13 Şevval 1446,04:42,06:10,12:55,16:34,19:29,20:52
12 Nisan 2025 Cumartesi,14 Şevval 1446,04:40,06:09,12:54,16:35,19:30,20:53
13 Nisan 2025 Pazar,15 Şevval 1446,04:38,06:07,12:54,16:35,19:31,20:54
14 Nisan 2025 Pazartesi,16 Şevval 1446,04:36,06:06,12:54,16:35,19:32,20:56
15 Nisan 2025 Salı,17 Şevval 1446,04:34,06:04,12:54,16:36,19:33,20:57
16 Nisan 2025 Çarşamba,18 Şevval 1446,04:32,06:03,12:53,16:36,19:34,20:58
17 Nisan 2025 Perşembe,19 Şevval 1446,04:31,06:01,12:53,16:36,19:35,21:00
18 Nisan 2025 Cuma,20 Şevval 1446,04:29,06:00,12:53,16:37,19:36,21:01
19 Nisan 2025 Cumartesi,21 Şevval 1446,04:27,05:58,12:53,16:37,19:37,21:02
20 Nisan 2025 Pazar,22 Şevval 1446,04:25,05:57,12:53,16:37,19:38,21:04
21 Nisan 2025 Pazartesi,23 Şevval 1446,04:23,05:55,12:52,16:37,19:39,21:05
22 Nisan 2025 Salı,24 Şevval 1446,04:22,05:54,12:52,16:38,19:40,21:07
23 Nisan 2025 Çarşamba,25 Şevval 1446,04:20,05:52,12:52,16:38,19:41,21:08
24 Nisan 2025 Perşembe,26 Şevval 1446,04:18,05:51,12:52,16:38,19:43,21:09
25 Nisan 2025 Cuma,27 Şevval 1446,04:16,05:50,12:52,16:38,19:44,21:11
26 Nisan 2025 Cumartesi,28 Şevval 1446,04:14,05:48,12:51,16:39,19:45,21:12
27 Nisan 2025 Pazar,29 Şevval 1446,04:13,05:47,12:51,16:39,19:46,21:14
28 Nisan 2025 Pazartesi,30 Şevval 1446,04:11,05:46,12:51,16:39,19:47,21:15
29 Nisan 2025 Salı,1 Zilkade 1446,04:09,05:44,12:51,16:39,19:48,21:16
30 Nisan 2025 Çarşamba,2 Zilkade 1446,04:07,05:43,12:51,16:40,19:49,21:18
01 Mayıs 2025 Perşembe,3 Zilkade 1446,04:06,05:42,12:51,16:40,19:50,21:19
02 Mayıs 2025 Cuma,4 Zilkade 1446,04:04,05:41,12:51,16:40,19:51,21:21
03 Mayıs 2025 Cumartesi,5 Zilkade 1446,04:02,05:39,12:51,16:41,19:52,21:22
04 Mayıs 2025 Pazar,6 Zilkade 1446,04:01,05:38,12:50,16:41,19:53,21:24
05 Mayıs 2025 Pazartesi,7 Zilkade 1446,03:59,05:37,12:50,16:41,19:54,21:25
06 Mayıs 2025 Salı,8 Zilkade 1446,03:57,05:36,12:50,16:41,19:55,21:26
07 Mayıs 2025 Çarşamba,9 Zilkade 1446,03:56,05:35,12:50,16:42,19:56,21:28
08 Mayıs 2025 Perşembe,10 Zilkade 1446,03:54,05:34,12:50,16:42,19:57,21:29
09 Mayıs 2025 Cuma,11 Zilkade 1446,03:52,05:33,12:50,16:42,19:58,21:31
10 Mayıs 2025 Cumartesi,12 Zilkade 1446,03:51,05:32,12:50,16:42,19:59,21:32
11 Mayıs 2025 Pazar,13 Zilkade 1446,03:49,05:31,12:50,16:43,20:00,21:34
12 Mayıs 2025 Pazartesi,14 Zilkade 1446,03:48,05:30,12:50,16:43,20:00,21:35
13 Mayıs 2025 Salı,15 Zilkade 1446,03:46,05:29,12:50,16:43,20:01,21:36
14 Mayıs 2025 Çarşamba,16 Zilkade 1446,03:45,05:28,12:50,16:43,20:02,21:38
15 Mayıs 2025 Perşembe,17 Zilkade 1446,03:43,05:27,12:50,16:44,20:03,21:39
16 Mayıs 2025 Cuma,18 Zilkade 1446,03:42,05:26,12:50,16:44,20:04,21:41
17 Mayıs 2025 Cumartesi,19 Zilkade 1446,03:40,05:25,12:50,16:44,20:05,21:42
18 Mayıs 2025 Pazar,20 Zilkade 1446,03:39,05:24,12:50,16:44,20:06,21:43
19 Mayıs 2025 Pazartesi,21 Zilkade 1446,03:38,05:23,12:50,16:45,20:07,21:45
20 Mayıs 2025 Salı,22 Zilkade 1446,03:36,05:22,12:50,16:45,20:08,21:46
21 Mayıs 2025 Çarşamba,23 Zilkade 1446,03:35,05:22,12:50,16:45,20:09,21:48
22 Mayıs 2025 Perşembe,24 Zilkade 1446,03:34,05:21,12:50,16:45,20:10,21:49
23 Mayıs 2025 Cuma,25 Zilkade 1446,03:33,05:20,12:50,16:46,20:11,21:50
24 Mayıs 2025 Cumartesi,26 Zilkade 1446,03:32,05:19,12:50,16:46,20:11,21:52
25 Mayıs 2025 Pazar,27 Zilkade 1446,03:30,05:19,12:51,16:46,20:12,21:53
26 Mayıs 2025 Pazartesi,28 Zilkade 1446,03:29,05:18,12:51,16:46,20:13,21:54
27 Mayıs 2025 Salı,29 Zilkade 1446,03:28,05:18,12:51,16:47,20:14,21:55
28 Mayıs 2025 Çarşamba,1 Zilhicce 1446,03:27,05:17,12:51,16:47,20:15,21:56
29 Mayıs 2025 Perşembe,2 Zilhicce 1446,03:26,05:17,12:51,16:47,20:16,21:58
30 Mayıs 2025 Cuma,3 Zilhicce 1446,03:25,05:16,12:51,16:47,20:16,21:59
31 Mayıs 2025 Cumartesi,4 Zilhicce 1446,03:24,05:16,12:51,16:48,20:17,22:00
01 Haziran 2025 Pazar,5 Zilhicce 1446,03:24,05:15,12:51,16:48,20:18,22:01
02 Haziran 2025 Pazartesi,6 Zilhicce 1446,03:23,05:15,12:52,16:48,20:19,22:02
03 Haziran 2025 Salı,7 Zilhicce 1446,03:22,05:14,12:52,16:49,20:19,22:03
04 Haziran 2025 Çarşamba,8 Zilhicce 1446,03:21,05:14,12:52,16:49,20:20,22:04
05 Haziran 2025 Perşembe,9 Zilhicce 1446,03:21,05:14,12:52,16:49,20:21,22:05
06 Haziran 2025 Cuma,10 Zilhicce 1446,03:20,05:13,12:52,16:49,20:21,22:06
07 Haziran 2025 Cumartesi,11 Zilhicce 1446,03:19,05:13,12:52,16:50,20:22,22:07
08 Haziran 2025 Pazar,12 Zilhicce 1446,03:19,05:13,12:53,16:50,20:22,22:08
09 Haziran 2025 Pazartesi,13 Zilhicce 1446,03:18,05:13,12:53,16:50,20:23,22:09
10 Haziran 2025 Salı,14 Zilhicce 1446,03:18,05:13,12:53,16:50,20:23,22:09
11 Haziran 2025 Çarşamba,15 Zilhicce 1446,03:18,05:13,12:53,16:51,20:24,22:10
12 Haziran 2025 Perşembe,16 Zilhicce 1446,03:17,05:12,12:53,16:51,20:24,22:11
13 Haziran 2025 Cuma,17 Zilhicce 1446,03:17,05:12,12:54,16:51,20:25,22:12
14 Haziran 2025 Cumartesi,18 Zilhicce 1446,03:17,05:12,12:54,16:51,20:25,22:12
15 Haziran 2025 Pazar,19 Zilhicce 1446,03:17,05:12,12:54,16:52,20:26,22:13
16 Haziran 2025 Pazartesi,20 Zilhicce 1446,03:17,05:12,12:54,16:52,20:26,22:13
17 Haziran 2025 Salı,21 Zilhicce 1446,03:17,05:13,12:55,16:52,20:27,22:14
18 Haziran 2025 Çarşamba,22 Zilhicce 1446,03:17,05:13,12:55,16:52,20:27,22:14
19 Haziran 2025 Perşembe,23 Zilhicce 1446,03:17,05:13,12:55,16:53,20:27,22:14
20 Haziran 2025 Cuma,24 Zilhicce 1446,03:17,05:13,12:55,16:53,20:27,22:15
21 Haziran 2025 Cumartesi,25 Zilhicce 1446,03:17,05:13,12:55,16:53,20:28,22:15
22 Haziran 2025 Pazar,26 Zilhicce 1446,03:17,05:13,12:56,16:53,20:28,22:15
23 Haziran 2025 Pazartesi,27 Zilhicce 1446,03:18,05:14,12:56,16:53,20:28,22:15
24 Haziran 2025 Salı,28 Zilhicce 1446,03:18,05:14,12:56,16:54,20:28,22:15
25 Haziran 2025 Çarşamba,29 Zilhicce 1446,03:18,05:14,12:56,16:54,20:28,22:15
26 Haziran 2025 Perşembe,1 Muharrem 1447,03:19,05:15,12:56,16:54,20:28,22:15
27 Haziran 2025 Cuma,2 Muharrem 1447,03:19,05:15,12:57,16:54,20:28,22:15
28 Haziran 2025 Cumartesi,3 Muharrem 1447,03:20,05:15,12:57,16:54,20:28,22:15
29 Haziran 2025 Pazar,4 Muharrem 1447,03:20,05:16,12:57,16:55,20:28,22:15
30 Haziran 2025 Pazartesi,5 Muharrem 1447,03:21,05:16,12:57,16:55,20:28,22:15
01 Temmuz 2025 Salı,6 Muharrem 1447,03:22,05:17,12:57,16:55,20:28,22:15
02 Temmuz 2025 Çarşamba,7 Muharrem 1447,03:22,05:17,12:58,16:55,20:28,22:14
03 Temmuz 2025 Perşembe,8 Muharrem 1447,03:23,05:18,12:58,16:55,20:28,22:14
04 Temmuz 2025 Cuma,9 Muharrem 1447,03:24,05:18,12:58,16:55,20:28,22:13
05 Temmuz 2025 Cumartesi,10 Muharrem 1447,03:25,05:19,12:58,16:55,20:28,22:13
06 Temmuz 2025 Pazar,11 Muharrem 1447,03:26,05:19,12:58,16:55,20:27,22:12
07 Temmuz 2025 Pazartesi,12 Muharrem 1447,03:27,05:20,12:59,16:55,20:27,22:12
08 Temmuz 2025 Salı,13 Muharrem 1447,03:28,05:21,12:59,16:56,20:27,22:11
09 Temmuz 2025 Çarşamba,14 Muharrem 1447,03:29,05:21,12:59,16:56,20:26,22:10
10 Temmuz 2025 Perşembe,15 Muharrem 1447,03:30,05:22,12:59,16:56,20:26,22:10
11 Temmuz 2025 Cuma,16 Muharrem 1447,03:31,05:23,12:59,16:56,20:26,22:09
12 Temmuz 2025 Cumartesi,17 Muharrem 1447,03:32,05:23,12:59,16:56,20:25,22:08
13 Temmuz 2025 Pazar,18 Muharrem 1447,03:33,05:24,12:59,16:56,20:25,22:07
14 Temmuz 2025 Pazartesi,19 Muharrem 1447,03:34,05:25,12:59,16:56,20:24,22:06
15 Temmuz 2025 Salı,20 Muharrem 1447,03:36,05:26,13:00,16:56,20:24,22:06
16 Temmuz 2025 Çarşamba,21 Muharrem 1447,03:37,05:26,13:00,16:56,20:23,22:05
17 Temmuz 2025 Perşembe,22 Muharrem 1447,03:38,05:27,13:00,16:56,20:22,22:04
18 Temmuz 2025 Cuma,23 Muharrem 1447,03:39,05:28,13:00,16:55,20:22,22:02
19 Temmuz 2025 Cumartesi,24 Muharrem 1447,03:41,05:29,13:00,16:55,20:21,22:01
20 Temmuz 2025 Pazar,25 Muharrem 1447,03:42,05:30,13:00,16:55,20:21,22:00
21 Temmuz 2025 Pazartesi,26 Muharrem 1447,03:43,05:30,13:00,16:55,20:20,21:59
22 Temmuz 2025 Salı,27 Muharrem 1447,03:45,05:31,13:00,16:55,20:19,21:58
23 Temmuz 2025 Çarşamba,28 Muharrem 1447,03:46,05:32,13:00,16:55,20:18,21:57
24 Temmuz 2025 Perşembe,29 Muharrem 1447,03:47,05:33,13:00,16:55,20:17,21:55
25 Temmuz 2025 Cuma,30 Muharrem 1447,03:49,05:34,13:00,16:54,20:17,21:54
26 Temmuz 2025 Cumartesi,1 Safer 1447,03:50,05:35,13:00,16:54,20:16,21:53
27 Temmuz 2025 Pazar,2 Safer 1447,03:52,05:36,13:00,16:54,20:15,21:51
28 Temmuz 2025 Pazartesi,3 Safer 1447,03:53,05:36,13:00,16:54,20:14,21:50
29 Temmuz 2025 Salı,4 Safer 1447,03:54,05:37,13:00,16:54,20:13,21:49
30 Temmuz 2025 Çarşamba,5 Safer 1447,03:56,05:38,13:00,16:53,20:12,21:47
31 Temmuz 2025 Perşembe,6 Safer 1447,03:57,05:39,13:00,16:53,20:11,21:46
01 Ağustos 2025 Cuma,7 Safer 1447,03:59,05:40,13:00,16:53,20:10,21:44
02 Ağustos 2025 Cumartesi,8 Safer 1447,04:00,05:41,13:00,16:52,20:09,21:43
03 Ağustos 2025 Pazar,9 Safer 1447,04:02,05:42,13:00,16:52,20:08,21:41
04 Ağustos 2025 Pazartesi,10 Safer 1447,04:03,05:43,13:00,16:52,20:07,21:40
05 Ağustos 2025 Salı,11 Safer 1447,04:04,05:44,13:00,16:51,20:06,21:38
06 Ağustos 2025 Çarşamba,12 Safer 1447,04:06,05:45,13:00,16:51,20:04,21:36
07 Ağustos 2025 Perşembe,13 Safer 1447,04:07,05:46,12:59,16:50,20:03,21:35
08 Ağustos 2025 Cuma,14 Safer 1447,04:09,05:47,12:59,16:50,20:02,21:33
09 Ağustos 2025 Cumartesi,15 Safer 1447,04:10,05:48,12:59,16:49,20:01,21:32
10 Ağustos 2025 Pazar,16 Safer 1447,04:12,05:49,12:59,16:49,20:00,21:30
11 Ağustos 2025 Pazartesi,17 Safer 1447,04:13,05:49,12:59,16:48,19:58,21:28
12 Ağustos 2025 Salı,18 Safer 1447,04:14,05:50,12:59,16:48,19:57,21:26
13 Ağustos 2025 Çarşamba,19 Safer 1447,04:16,05:51,12:59,16:47,19:56,21:25
14 Ağustos 2025 Perşembe,20 Safer 1447,04:17,05:52,12:58,16:47,19:54,21:23
15 Ağustos 2025 Cuma,21 Safer 1447,04:19,05:53,12:58,16:46,19:53,21:21
16 Ağustos 2025 Cumartesi,22 Safer 1447,04:20,05:54,12:58,16:45,19:52,21:20
17 Ağustos 2025 Pazar,23 Safer 1447,04:21,05:55,12:58,16:45,19:50,21:18
18 Ağustos 2025 Pazartesi,24 Safer 1447,04:23,05:56,12:58,16:44,19:49,21:16
19 Ağustos 2025 Salı,25 Safer 1447,04:24,05:57,12:57,16:44,19:48,21:14
20 Ağustos 2025 Çarşamba,26 Safer 1447,04:25,05:58,12:57,16:43,19:46,21:12
21 Ağustos 2025 Perşembe,27 Safer 1447,04:27,05:59,12:57,16:42,19:45,21:11
22 Ağustos 2025 Cuma,28 Safer 1447,04:28,06:00,12:57,16:41,19:43,21:09
23 Ağustos 2025 Cumartesi,29 Safer 1447,04:29,06:01,12:56,16:41,19:42,21:07
24 Ağustos 2025 Pazar,1 Rebiulevvel 1447,04:31,06:02,12:56,16:40,19:40,21:05
25 Ağustos 2025 Pazartesi,2 Rebiulevvel 1447,04:32,06:03,12:56,16:39,19:39,21:03
26 Ağustos 2025 Salı,3 Rebiulevvel 1447,04:33,06:04,12:56,16:38,19:37,21:02
27 Ağustos 2025 Çarşamba,4 Rebiulevvel 1447,04:35,06:05,12:55,16:38,19:36,21:00
28 Ağustos 2025 Perşembe,5 Rebiulevvel 1447,04:36,06:06,12:55,16:37,19:34,20:58
29 Ağustos 2025 Cuma,6 Rebiulevvel 1447,04:37,06:07,12:55,16:36,19:33,20:56
30 Ağustos 2025 Cumartesi,7 Rebiulevvel 1447,04:39,06:07,12:54,16:35,19:31,20:54
31 Ağustos 2025 Pazar,8 Rebiulevvel 1447,04:40,06:08,12:54,16:34,19:30,20:52
01 Eylül 2025 Pazartesi,9 Rebiulevvel 1447,04:41,06:09,12:54,16:33,19:28,20:51
02 Eylül 2025 Salı,10 Rebiulevvel 1447,04:42,06:10,12:53,16:32,19:26,20:49
03 Eylül 2025 Çarşamba,11 Rebiulevvel 1447,04:43,06:11,12:53,16:31,19:25,20:47
04 Eylül 2025 Perşembe,12 Rebiulevvel 1447,04:45,06:12,12:53,16:31,19:23,20:45
05 Eylül 2025 Cuma,13 Rebiulevvel 1447,04:46,06:13,12:52,16:30,19:22,20:43
06 Eylül 2025 Cumartesi,14 Rebiulevvel 1447,04:47,06:14,12:52,16:29,19:20,20:41
07 Eylül 2025 Pazar,15 Rebiulevvel 1447,04:48,06:15,12:52,16:28,19:18,20:39
08 Eylül 2025 Pazartesi,16 Rebiulevvel 1447,04:50,06:16,12:51,16:27,19:17,20:38
09 Eylül 2025 Salı,17 Rebiulevvel 1447,04:51,06:17,12:51,16:26,19:15,20:36
10 Eylül 2025 Çarşamba,18 Rebiulevvel 1447,04:52,06:18,12:51,16:25,19:14,20:34
11 Eylül 2025 Perşembe,19 Rebiulevvel 1447,04:53,06:19,12:50,16:24,19:12,20:32
12 Eylül 2025 Cuma,20 Rebiulevvel 1447,04:54,06:20,12:50,16:23,19:10,20:30
13 Eylül 2025 Cumartesi,21 Rebiulevvel 1447,04:55,06:21,12:50,16:22,19:09,20:28
14 Eylül 2025 Pazar,22 Rebiulevvel 1447,04:56,06:22,12:49,16:21,19:07,20:27
15 Eylül 2025 Pazartesi,23 Rebiulevvel 1447,04:58,06:22,12:49,16:19,19:05,20:25
16 Eylül 2025 Salı,24 Rebiulevvel 1447,04:59,06:23,12:49,16:18,19:04,20:23
17 Eylül 2025 Çarşamba,25 Rebiulevvel 1447,05:00,06:24,12:48,16:17,19:02,20:21
18 Eylül 2025 Perşembe,26 Rebiulevvel 1447,05:01,06:25,12:48,16:16,19:00,20:19
19 Eylül 2025 Cuma,27 Rebiulevvel 1447,05:02,06:26,12:47,16:15,18:59,20:18
20 Eylül 2025 Cumartesi,28 Rebiulevvel 1447,05:03,06:27,12:47,16:14,18:57,20:16
21 Eylül 2025 Pazar,29 Rebiulevvel 1447,05:04,06:28,12:47,16:13,18:55,20:14
22 Eylül 2025 Pazartesi,30 Rebiulevvel 1447,05:05,06:29,12:46,16:12,18:54,20:12
23 Eylül 2025 Salı,1 Rebiulahir 1447,05:06,06:30,12:46,16:11,18:52,20:10
24 Eylül 2025 Çarşamba,2 Rebiulahir 1447,05:07,06:31,12:46,16:09,18:50,20:09
25 Eylül 2025 Perşembe,3 Rebiulahir 1447,05:08,06:32,12:45,16:08,18:49,20:07
26 Eylül 2025 Cuma,4 Rebiulahir 1447,05:10,06:33,12:45,16:07,18:47,20:05
27 Eylül 2025 Cumartesi,5 Rebiulahir 1447,05:11,06:34,12:45,16:06,18:46,20:03
28 Eylül 2025 Pazar,6 Rebiulahir 1447,05:12,06:35,12:44,16:05,18:44,20:02
29 Eylül 2025 Pazartesi,7 Rebiulahir 1447,05:13,06:36,12:44,16:04,18:42,20:00
30 Eylül 2025 Salı,8 Rebiulahir 1447,05:14,06:37,12:44,16:03,18:41,19:58
01 Ekim 2025 Çarşamba,9 Rebiulahir 1447,05:15,06:38,12:43,16:01,18:39,19:57
02 Ekim 2025 Perşembe,10 Rebiulahir 1447,05:16,06:39,12:43,16:00,18:37,19:55
03 Ekim 2025 Cuma,11 Rebiulahir 1447,05:17,06:40,12:43,15:59,18:36,19:53
04 Ekim 2025 Cumartesi,12 Rebiulahir 1447,05:18,06:41,12:42,15:58,18:34,19:52
05 Ekim 2025 Pazar,13 Rebiulahir 1447,05:19,06:42,12:42,15:57,18:33,19:50
06 Ekim 2025 Pazartesi,14 Rebiulahir 1447,05:20,06:43,12:42,15:56,18:31,19:48
07 Ekim 2025 Salı,15 Rebiulahir 1447,05:21,06:44,12:42,15:54,18:29,19:47
08 Ekim 2025 Çarşamba,16 Rebiulahir 1447,05:22,06:45,12:41,15:53,18:28,19:45
09 Ekim 2025 Perşembe,17 Rebiulahir 1447,05:23,06:46,12:41,15:52,18:26,19:44
10 Ekim 2025 Cuma,18 Rebiulahir 1447,05:24,06:47,12:41,15:51,18:25,19:42
11 Ekim 2025 Cumartesi,19 Rebiulahir 1447,05:25,06:48,12:40,15:50,18:23,19:41
12 Ekim 2025 Pazar,20 Rebiulahir 1447,05:26,06:49,12:40,15:49,18:22,19:39
13 Ekim 2025 Pazartesi,21 Rebiulahir 1447,05:27,06:50,12:40,15:47,18:20,19:38
14 Ekim 2025 Salı,22 Rebiulahir 1447,05:28,06:51,12:40,15:46,18:19,19:36
15 Ekim 2025 Çarşamba,23 Rebiulahir 1447,05:29,06:52,12:39,15:45,18:17,19:35
16 Ekim 2025 Perşembe,24 Rebiulahir 1447,05:30,06:53,12:39,15:44,18:16,19:33
17 Ekim 2025 Cuma,25 Rebiulahir 1447,05:31,06:54,12:39,15:43,18:14,19:32
18 Ekim 2025 Cumartesi,26 Rebiulahir 1447,05:32,06:55,12:39,15:42,18:13,19:30
19 Ekim 2025 Pazar,27 Rebiulahir 1447,05:33,06:56,12:39,15:41,18:11,19:29
20 Ekim 2025 Pazartesi,28 Rebiulahir 1447,05:34,06:57,12:38,15:40,18:10,19:28
21 Ekim 2025 Salı,29 Rebiulahir 1447,05:35,06:58,12:38,15:38,18:08,19:26
22 Ekim 2025 Çarşamba,30 Rebiulahir 1447,05:36,06:59,12:38,15:37,18:07,19:25
23 Ekim 2025 Perşembe,1 Cemaziyelevvel 1447,05:37,07:00,12:38,15:36,18:06,19:24
24 Ekim 2025 Cuma,2 Cemaziyelevvel 1447,05:38,07:02,12:38,15:35,18:04,19:23
25 Ekim 2025 Cumartesi,3 Cemaziyelevvel 1447,05:39,07:03,12:38,15:34,18:03,19:21
26 Ekim 2025 Pazar,4 Cemaziyelevvel 1447,05:40,07:04,12:38,15:33,18:02,19:20
27 Ekim 2025 Pazartesi,5 Cemaziyelevvel 1447,05:41,07:05,12:37,15:32,18:00,19:19
28 Ekim 2025 Salı,6 Cemaziyelevvel 1447,05:42,07:06,12:37,15:31,17:59,19:18
29 Ekim 2025 Çarşamba,7 Cemaziyelevvel 1447,05:43,07:07,12:37,15:30,17:58,19:17
30 Ekim 2025 Perşembe,8 Cemaziyelevvel 1447,05:44,07:08,12:37,15:29,17:56,19:15
31 Ekim 2025 Cuma,9 Cemaziyelevvel 1447,05:45,07:09,12:37,15:28,17:55,19:14
01 Kasım 2025 Cumartesi,10 Cemaziyelevvel 1447,05:46,07:10,12:37,15:27,17:54,19:13
02 Kasım 2025 Pazar,11 Cemaziyelevvel 1447,05:47,07:12,12:37,15:26,17:53,19:12
03 Kasım 2025 Pazartesi,12 Cemaziyelevvel 1447,05:48,07:13,12:37,15:25,17:52,19:11
04 Kasım 2025 Salı,13 Cemaziyelevvel 1447,05:49,07:14,12:37,15:24,17:51,19:10
05 Kasım 2025 Çarşamba,14 Cemaziyelevvel 1447,05:50,07:15,12:37,15:24,17:49,19:09
06 Kasım 2025 Perşembe,15 Cemaziyelevvel 1447,05:51,07:16,12:37,15:23,17:48,19:08
07 Kasım 2025 Cuma,16 Cemaziyelevvel 1447,05:52,07:17,12:37,15:22,17:47,19:07
08 Kasım 2025 Cumartesi,17 Cemaziyelevvel 1447,05:53,07:18,12:37,15:21,17:46,19:07
09 Kasım 2025 Pazar,18 Cemaziyelevvel 1447,05:54,07:20,12:37,15:20,17:45,19:06
10 Kasım 2025 Pazartesi,19 Cemaziyelevvel 1447,05:55,07:21,12:37,15:20,17:44,19:05
11 Kasım 2025 Salı,20 Cemaziyelevvel 1447,05:56,07:22,12:38,15:19,17:43,19:04
12 Kasım 2025 Çarşamba,21 Cemaziyelevvel 1447,05:57,07:23,12:38,15:18,17:42,19:03
13 Kasım 2025 Perşembe,22 Cemaziyelevvel 1447,05:58,07:24,12:38,15:17,17:42,19:03
14 Kasım 2025 Cuma,23 Cemaziyelevvel 1447,05:59,07:25,12:38,15:17,17:41,19:02
15 Kasım 2025 Cumartesi,24 Cemaziyelevvel 1447,06:00,07:26,12:38,15:16,17:40,19:01
16 Kasım 2025 Pazar,25 Cemaziyelevvel 1447,06:01,07:28,12:38,15:15,17:39,19:01
17 Kasım 2025 Pazartesi,26 Cemaziyelevvel 1447,06:02,07:29,12:39,15:15,17:38,19:00
18 Kasım 2025 Salı,27 Cemaziyelevvel 1447,06:03,07:30,12:39,15:14,17:38,18:59
19 Kasım 2025 Çarşamba,28 Cemaziyelevvel 1447,06:04,07:31,12:39,15:14,17:37,18:59
20 Kasım 2025 Perşembe,29 Cemaziyelevvel 1447,06:05,07:32,12:39,15:13,17:36,18:58
21 Kasım 2025 Cuma,1 Cemaziyelahir 1447,06:06,07:33,12:39,15:13,17:36,18:58
22 Kasım 2025 Cumartesi,2 Cemaziyelahir 1447,06:07,07:34,12:40,15:12,17:35,18:57
23 Kasım 2025 Pazar,3 Cemaziyelahir 1447,06:08,07:35,12:40,15:12,17:34,18:57
24 Kasım 2025 Pazartesi,4 Cemaziyelahir 1447,06:08,07:37,12:40,15:11,17:34,18:57
25 Kasım 2025 Salı,5 Cemaziyelahir 1447,06:09,07:38,12:41,15:11,17:33,18:56
26 Kasım 2025 Çarşamba,6 Cemaziyelahir 1447,06:10,07:39,12:41,15:11,17:33,18:56
27 Kasım 2025 Perşembe,7 Cemaziyelahir 1447,06:11,07:40,12:41,15:10,17:33,18:56
28 Kasım 2025 Cuma,8 Cemaziyelahir 1447,06:12,07:41,12:41,15:10,17:32,18:55
29 Kasım 2025 Cumartesi,9 Cemaziyelahir 1447,06:13,07:42,12:42,15:10,17:32,18:55
30 Kasım 2025 Pazar,10 Cemaziyelahir 1447,06:14,07:43,12:42,15:10,17:31,18:55
01 Aralık 2025 Pazartesi,11 Cemaziyelahir 1447,06:15,07:44,12:43,15:10,17:31,18:55
02 Aralık 2025 Salı,12 Cemaziyelahir 1447,06:16,07:45,12:43,15:09,17:31,18:55
03 Aralık 2025 Çarşamba,13 Cemaziyelahir 1447,06:17,07:46,12:43,15:09,17:31,18:55
04 Aralık 2025 Perşembe,14 Cemaziyelahir 1447,06:17,07:47,12:44,15:09,17:31,18:55
05 Aralık 2025 Cuma,15 Cemaziyelahir 1447,06:18,07:48,12:44,15:09,17:30,18:55
06 Aralık 2025 Cumartesi,16 Cemaziyelahir 1447,06:19,07:49,12:45,15:09,17:30,18:55
07 Aralık 2025 Pazar,17 Cemaziyelahir 1447,06:20,07:50,12:45,15:09,17:30,18:55
08 Aralık 2025 Pazartesi,18 Cemaziyelahir 1447,06:21,07:50,12:45,15:09,17:30,18:55
09 Aralık 2025 Salı,19 Cemaziyelahir 1447,06:21,07:51,12:46,15:09,17:30,18:55
10 Aralık 2025 Çarşamba,20 Cemaziyelahir 1447,06:22,07:52,12:46,15:10,17:30,18:55
11 Aralık 2025 Perşembe,21 Cemaziyelahir 1447,06:23,07:53,12:47,15:10,17:31,18:55
12 Aralık 2025 Cuma,22 Cemaziyelahir 1447,06:24,07:54,12:47,15:10,17:31,18:55
13 Aralık 2025 Cumartesi,23 Cemaziyelahir 1447,06:24,07:55,12:48,15:10,17:31,18:56
14 Aralık 2025 Pazar,24 Cemaziyelahir 1447,06:25,07:55,12:48,15:10,17:31,18:56
15 Aralık 2025 Pazartesi,25 Cemaziyelahir 1447,06:26,07:56,12:49,15:11,17:31,18:56
16 Aralık 2025 Salı,26 Cemaziyelahir 1447,06:26,07:57,12:49,15:11,17:32,18:57
17 Aralık 2025 Çarşamba,27 Cemaziyelahir 1447,06:27,07:57,12:50,15:11,17:32,18:57
18 Aralık 2025 Perşembe,28 Cemaziyelahir 1447,06:27,07:58,12:50,15:12,17:32,18:57
19 Aralık 2025 Cuma,29 Cemaziyelahir 1447,06:28,07:59,12:51,15:12,17:33,18:58
20 Aralık 2025 Cumartesi,30 Cemaziyelahir 1447,06:29,07:59,12:51,15:12,17:33,18:58
21 Aralık 2025 Pazar,1 Recep 1447,06:29,08:00,12:52,15:13,17:34,18:59
22 Aralık 2025 Pazartesi,2 Recep 1447,06:30,08:00,12:52,15:13,17:34,18:59
23 Aralık 2025 Salı,3 Recep 1447,06:30,08:01,12:53,15:14,17:35,19:00
24 Aralık 2025 Çarşamba,4 Recep 1447,06:30,08:01,12:53,15:15,17:35,19:00
25 Aralık 2025 Perşembe,5 Recep 1447,06:31,08:01,12:54,15:15,17:36,19:01
26 Aralık 2025 Cuma,6 Recep 1447,06:31,08:02,12:54,15:16,17:36,19:01
27 Aralık 2025 Cumartesi,7 Recep 1447,06:32,08:02,12:55,15:16,17:37,19:02
28 Aralık 2025 Pazar,8 Recep 1447,06:32,08:02,12:55,15:17,17:38,19:03
29 Aralık 2025 Pazartesi,9 Recep 1447,06:32,08:03,12:56,15:18,17:38,19:03
30 Aralık 2025 Salı,10 Recep 1447,06:33,08:03,12:56,15:18,17:39,19:04
31 Aralık 2025 Çarşamba,11 Recep 1447,06:33,08:03,12:56,15:19,17:40,19:05
